acheteur_id,nom,prenom,ville,date_naissance,date_adhesion
1,Diallo,Moussa,Abidjan,1984-08-12,2021-07-09
2,Traore,Aminata,Conakry,1982-02-08,2023-08-16
3,Coulibaly,Ibrahim,Bamako,1986-07-19,2022-11-18
4,Keita,Fatou,Abidjan,1995-05-13,2023-08-16
5,Cisse,Mamadou,Abidjan,1986-08-30,2022-07-17
6,Kone,Awa,Conakry,1994-07-17,2024-06-21
7,Diarra,Oumar,Bamako,1993-10-30,2023-04-12
8,Sylla,Mariama,Bamako,1983-03-30,2024-02-29
9,Camara,Seydou,Abidjan,1992-06-21,2022-10-09
10,Toure,Hawa,Dakar,1989-04-08,2021-01-21
11,Sissoko,Abdoulaye,Abidjan,1991-04-10,2023-04-21
12,Doumbia,Kadiatou,Abidjan,1993-04-05,2021-06-16
13,Fofana,Boubacar,Abidjan,1987-12-14,2024-07-21
14,Kante,Fanta,Abidjan,1981-04-19,2022-01-23
15,Maiga,Youssouf,Conakry,1982-12-18,2022-08-24
16,Dembele,Nafissatou,Bamako,1987-01-02,2021-11-12
17,Sidibe,Cheick,Conakry,1985-08-09,2021-01-14
18,Sangare,Rokia,Conakry,1987-07-10,2021-08-30
19,Bamba,Amadou,Conakry,1982-09-02,2023-02-16
20,Konate,Salimata,Abidjan,1984-12-11,2024-10-01
