transaction_id,date_transaction,acheteur_id,article_id,quantite
1105,2023-01-02,5,105,3
1034,2023-01-15,17,110,5
1007,2023-02-04,9,109,4
1046,2023-02-10,16,105,2
1035,2023-03-06,2,110,2
1003,2023-04-02,11,110,4
1077,2023-04-06,3,108,6
1057,2023-04-09,20,103,5
1104,2023-04-23,9,106,5
1115,2023-05-03,3,105,7
1048,2023-05-15,20,104,3
1015,2023-06-11,19,109,3
1030,2023-07-07,7,103,3
1091,2023-07-09,15,101,1
1049,2023-07-20,1,106,5
1016,2023-07-21,20,108,1
1114,2023-07-22,10,108,1
1008,2023-07-25,6,106,1
1070,2023-07-26,4,101,1
1028,2023-08-05,10,107,3
1107,2023-08-08,14,102,1
1044,2023-08-19,19,108,2
1079,2023-08-19,1,101,1
1112,2023-09-04,3,110,5
1018,2023-09-27,20,107,2
1119,2023-10-07,15,102,2
1042,2023-10-16,9,105,7
1118,2023-10-21,18,107,2
1022,2023-10-23,7,101,5
1097,2023-11-14,3,107,6
1024,2023-12-04,8,103,7
1043,2024-01-14,3,101,4
1031,2024-01-15,16,109,7
1109,2024-01-20,1,110,3
1040,2024-01-27,5,106,3
1069,2024-01-28,1,105,4
1066,2024-02-02,16,105,7
1116,2024-02-05,8,104,5
1013,2024-02-06,19,103,5
1055,2024-02-11,6,102,4
1041,2024-02-23,9,106,1
1100,2024-03-17,12,105,3
1020,2024-03-31,1,104,4
1078,2024-04-29,17,105,1
1032,2024-05-07,16,110,1
1054,2024-05-17,4,104,1
1064,2024-05-17,2,105,1
1005,2024-05-23,16,108,2
1036,2024-06-04,1,106,2
1083,2024-06-08,14,107,6
1081,2024-06-24,12,105,4
1086,2024-07-10,13,103,3
1075,2024-07-17,8,106,3
1101,2024-07-17,14,107,2
1001,2024-07-18,2,110,4
1011,2024-07-19,20,107,3
1084,2024-07-31,6,103,5
1039,2024-08-15,5,110,2
1061,2024-09-04,18,110,3
1093,2024-09-19,5,105,4
1092,2024-09-24,1,104,3
1106,2024-10-03,17,104,4
1062,2024-10-04,14,107,4
1088,2024-10-07,8,106,4
1037,2024-10-09,16,101,2
1096,2024-10-10,4,105,4
1099,2024-10-25,17,101,4
1085,2024-11-12,6,110,3
1058,2024-11-14,3,101,1
1098,2024-11-14,17,104,7
1103,2024-11-29,3,110,5
1012,2024-12-03,4,110,3
1095,2024-12-10,19,110,7
1023,2024-12-20,18,108,4
1059,2024-12-26,16,108,3
1014,2024-12-30,3,102,4
1111,2024-12-30,1,103,4
1074,2025-01-12,20,102,1
1080,2025-01-18,16,107,6
1029,2025-02-02,3,106,2
1065,2025-02-05,3,110,7
1117,2025-02-05,14,108,5
1006,2025-02-14,1,101,3
1050,2025-02-18,20,104,4
1027,2025-03-02,18,102,5
1068,2025-03-05,4,109,5
1089,2025-03-06,2,109,4
1056,2025-03-15,8,110,2
1019,2025-03-26,9,109,3
1113,2025-04-15,18,101,7
1108,2025-05-04,3,104,4
1073,2025-05-13,16,101,7
1067,2025-05-20,9,107,6
1025,2025-05-28,1,107,6
1120,2025-06-02,2,101,7
1072,2025-06-10,14,110,5
1002,2025-06-16,6,102,3
1051,2025-07-18,11,103,1
1102,2025-08-09,6,110,7
1004,2025-08-13,16,101,4
1060,2025-08-18,3,103,1
1094,2025-08-30,16,110,1
1017,2025-09-22,7,110,1
1087,2025-10-09,19,105,1
1021,2025-10-13,8,104,5
1045,2025-10-14,16,105,5
1076,2025-10-17,7,109,1
1010,2025-10-18,3,110,5
1009,2025-10-22,16,107,1
1063,2025-10-25,18,110,2
1071,2025-11-04,1,110,7
1047,2025-11-17,3,107,5
1090,2025-11-17,1,105,5
1052,2025-11-22,17,107,5
1082,2025-11-25,19,106,1
1033,2025-11-30,20,106,2
1053,2025-12-07,8,108,5
1026,2025-12-12,11,102,2
1110,2025-12-12,20,110,5
1038,2025-12-22,12,104,6
